timestamp,trial_number,target,target_label,predicted,predicted_label,correct
2026-07-16T10:42:45.687,1,1,left_hand,0,feet,0
2026-07-16T10:42:46.688,2,0,feet,3,right_hand,0
2026-07-16T10:42:47.688,2,0,feet,3,right_hand,0
2026-07-16T10:42:48.688,2,0,feet,3,right_hand,0
2026-07-16T10:42:49.689,2,0,feet,3,right_hand,0
2026-07-16T10:42:50.690,3,2,rest,3,right_hand,0
2026-07-16T10:42:51.691,3,2,rest,3,right_hand,0
2026-07-16T10:42:52.691,3,2,rest,3,right_hand,0
2026-07-16T10:42:53.692,3,2,rest,3,right_hand,0
2026-07-16T10:42:54.693,4,2,rest,3,right_hand,0
2026-07-16T10:42:55.694,4,2,rest,3,right_hand,0
2026-07-16T10:42:56.696,4,2,rest,3,right_hand,0
2026-07-16T10:42:57.697,4,2,rest,3,right_hand,0
2026-07-16T10:42:58.698,5,0,feet,3,right_hand,0
2026-07-16T10:42:59.698,5,0,feet,3,right_hand,0
2026-07-16T10:43:00.699,5,0,feet,3,right_hand,0
2026-07-16T10:43:01.699,5,0,feet,3,right_hand,0
2026-07-16T10:43:02.700,6,0,feet,3,right_hand,0
2026-07-16T10:43:03.700,6,0,feet,3,right_hand,0
2026-07-16T10:43:04.701,6,0,feet,3,right_hand,0
2026-07-16T10:43:05.701,6,0,feet,3,right_hand,0
2026-07-16T10:43:06.702,7,2,rest,3,right_hand,0
2026-07-16T10:43:07.702,7,2,rest,3,right_hand,0
2026-07-16T10:43:08.702,7,2,rest,3,right_hand,0
2026-07-16T10:43:09.703,7,2,rest,3,right_hand,0
2026-07-16T10:43:10.703,8,2,rest,3,right_hand,0
2026-07-16T10:43:11.704,8,2,rest,3,right_hand,0
2026-07-16T10:43:12.704,8,2,rest,3,right_hand,0
2026-07-16T10:43:13.705,8,2,rest,3,right_hand,0
2026-07-16T10:43:14.705,9,1,left_hand,3,right_hand,0
2026-07-16T10:43:15.706,9,1,left_hand,1,left_hand,1
2026-07-16T10:43:16.707,9,1,left_hand,3,right_hand,0
2026-07-16T10:43:17.708,9,1,left_hand,3,right_hand,0
2026-07-16T10:43:18.708,10,0,feet,3,right_hand,0
2026-07-16T10:43:19.709,10,0,feet,3,right_hand,0
2026-07-16T10:43:20.709,10,0,feet,3,right_hand,0
2026-07-16T10:43:21.710,10,0,feet,3,right_hand,0
2026-07-16T10:43:22.710,11,3,right_hand,3,right_hand,1
2026-07-16T10:43:23.711,11,3,right_hand,3,right_hand,1
2026-07-16T10:43:24.711,11,3,right_hand,3,right_hand,1
2026-07-16T10:43:25.712,11,3,right_hand,3,right_hand,1
2026-07-16T10:43:26.712,12,1,left_hand,3,right_hand,0
2026-07-16T10:43:27.712,12,1,left_hand,3,right_hand,0
2026-07-16T10:43:28.713,12,1,left_hand,3,right_hand,0
2026-07-16T10:43:29.713,12,1,left_hand,3,right_hand,0
2026-07-16T10:43:30.714,13,0,feet,3,right_hand,0
2026-07-16T10:43:31.714,13,0,feet,3,right_hand,0
2026-07-16T10:43:32.715,13,0,feet,3,right_hand,0
2026-07-16T10:43:33.715,13,0,feet,3,right_hand,0
2026-07-16T10:43:34.716,14,3,right_hand,3,right_hand,1
2026-07-16T10:43:35.716,14,3,right_hand,3,right_hand,1
2026-07-16T10:43:36.717,14,3,right_hand,3,right_hand,1
2026-07-16T10:43:37.717,14,3,right_hand,3,right_hand,1
2026-07-16T10:43:38.718,15,0,feet,3,right_hand,0
2026-07-16T10:43:39.718,15,0,feet,3,right_hand,0
2026-07-16T10:43:40.719,15,0,feet,3,right_hand,0
2026-07-16T10:43:41.720,15,0,feet,3,right_hand,0
2026-07-16T10:43:42.720,16,0,feet,3,right_hand,0
2026-07-16T10:43:43.721,16,0,feet,3,right_hand,0
2026-07-16T10:43:44.722,16,0,feet,3,right_hand,0
2026-07-16T10:43:45.722,16,0,feet,3,right_hand,0
2026-07-16T10:43:46.723,17,1,left_hand,3,right_hand,0
2026-07-16T10:43:47.724,17,1,left_hand,3,right_hand,0
2026-07-16T10:43:48.724,17,1,left_hand,3,right_hand,0
2026-07-16T10:43:49.725,17,1,left_hand,3,right_hand,0
2026-07-16T10:43:50.725,18,1,left_hand,3,right_hand,0
2026-07-16T10:43:51.726,18,1,left_hand,3,right_hand,0
2026-07-16T10:43:52.726,18,1,left_hand,3,right_hand,0
2026-07-16T10:43:53.727,18,1,left_hand,3,right_hand,0
2026-07-16T10:43:54.727,19,3,right_hand,3,right_hand,1
2026-07-16T10:43:55.728,19,3,right_hand,1,left_hand,0
2026-07-16T10:43:56.729,19,3,right_hand,3,right_hand,1
2026-07-16T10:43:57.729,19,3,right_hand,3,right_hand,1
2026-07-16T10:43:58.730,20,2,rest,3,right_hand,0
2026-07-16T10:43:59.730,20,2,rest,3,right_hand,0
2026-07-16T10:44:00.731,20,2,rest,3,right_hand,0
2026-07-16T10:44:01.732,20,2,rest,3,right_hand,0
2026-07-16T10:44:02.732,21,3,right_hand,3,right_hand,1
2026-07-16T10:44:03.733,21,3,right_hand,3,right_hand,1
2026-07-16T10:44:04.734,21,3,right_hand,3,right_hand,1
2026-07-16T10:44:05.734,21,3,right_hand,3,right_hand,1
2026-07-16T10:44:06.735,22,1,left_hand,3,right_hand,0
2026-07-16T10:44:07.735,22,1,left_hand,3,right_hand,0
2026-07-16T10:44:08.736,22,1,left_hand,3,right_hand,0
2026-07-16T10:44:09.736,22,1,left_hand,3,right_hand,0
2026-07-16T10:44:10.737,23,1,left_hand,3,right_hand,0
2026-07-16T10:44:11.738,23,1,left_hand,3,right_hand,0
2026-07-16T10:44:12.738,23,1,left_hand,3,right_hand,0
2026-07-16T10:44:13.739,23,1,left_hand,3,right_hand,0
2026-07-16T10:44:14.739,24,1,left_hand,3,right_hand,0
2026-07-16T10:44:15.740,24,1,left_hand,3,right_hand,0
2026-07-16T10:44:16.740,24,1,left_hand,3,right_hand,0
2026-07-16T10:44:17.741,24,1,left_hand,3,right_hand,0
2026-07-16T10:44:18.741,25,0,feet,3,right_hand,0
2026-07-16T10:44:19.741,25,0,feet,3,right_hand,0
2026-07-16T10:44:20.742,25,0,feet,3,right_hand,0
2026-07-16T10:44:21.742,25,0,feet,3,right_hand,0
2026-07-16T10:44:22.743,26,2,rest,3,right_hand,0
2026-07-16T10:44:23.744,26,2,rest,3,right_hand,0
2026-07-16T10:44:24.744,26,2,rest,3,right_hand,0
2026-07-16T10:44:25.745,26,2,rest,3,right_hand,0
2026-07-16T10:44:26.745,27,0,feet,3,right_hand,0
2026-07-16T10:44:27.746,27,0,feet,3,right_hand,0
2026-07-16T10:44:28.746,27,0,feet,3,right_hand,0
2026-07-16T10:44:29.747,27,0,feet,3,right_hand,0
2026-07-16T10:44:30.747,28,1,left_hand,3,right_hand,0
2026-07-16T10:44:31.748,28,1,left_hand,3,right_hand,0
2026-07-16T10:44:32.748,28,1,left_hand,3,right_hand,0
2026-07-16T10:44:33.749,28,1,left_hand,3,right_hand,0
2026-07-16T10:44:34.749,29,1,left_hand,3,right_hand,0
2026-07-16T10:44:35.750,29,1,left_hand,1,left_hand,1
2026-07-16T10:44:36.750,29,1,left_hand,3,right_hand,0
2026-07-16T10:44:37.751,29,1,left_hand,3,right_hand,0
2026-07-16T10:44:38.751,30,2,rest,3,right_hand,0
2026-07-16T10:44:39.752,30,2,rest,3,right_hand,0
2026-07-16T10:44:40.753,30,2,rest,3,right_hand,0
2026-07-16T10:44:41.753,30,2,rest,3,right_hand,0
2026-07-16T10:44:42.754,31,2,rest,3,right_hand,0
2026-07-16T10:44:43.754,31,2,rest,3,right_hand,0
2026-07-16T10:44:44.755,31,2,rest,3,right_hand,0
2026-07-16T10:44:45.756,31,2,rest,3,right_hand,0
2026-07-16T10:44:46.757,32,3,right_hand,3,right_hand,1
2026-07-16T10:44:47.757,32,3,right_hand,3,right_hand,1
2026-07-16T10:44:48.758,32,3,right_hand,3,right_hand,1
2026-07-16T10:44:49.758,32,3,right_hand,3,right_hand,1
2026-07-16T10:44:50.759,33,0,feet,3,right_hand,0
2026-07-16T10:44:51.759,33,0,feet,3,right_hand,0
2026-07-16T10:44:52.760,33,0,feet,3,right_hand,0
2026-07-16T10:44:53.761,33,0,feet,3,right_hand,0
2026-07-16T10:44:54.761,34,1,left_hand,3,right_hand,0
2026-07-16T10:44:55.761,34,1,left_hand,3,right_hand,0
2026-07-16T10:44:56.762,34,1,left_hand,3,right_hand,0
2026-07-16T10:44:57.763,34,1,left_hand,3,right_hand,0
2026-07-16T10:44:58.764,35,1,left_hand,3,right_hand,0
2026-07-16T10:44:59.764,35,1,left_hand,3,right_hand,0
2026-07-16T10:45:00.765,35,1,left_hand,3,right_hand,0
2026-07-16T10:45:01.765,35,1,left_hand,3,right_hand,0
2026-07-16T10:45:02.766,36,0,feet,3,right_hand,0
2026-07-16T10:45:03.767,36,0,feet,3,right_hand,0
2026-07-16T10:45:04.767,36,0,feet,3,right_hand,0
2026-07-16T10:45:05.768,36,0,feet,3,right_hand,0
2026-07-16T10:45:06.768,37,2,rest,3,right_hand,0
2026-07-16T10:45:07.768,37,2,rest,3,right_hand,0
2026-07-16T10:45:08.769,37,2,rest,3,right_hand,0
2026-07-16T10:45:09.770,37,2,rest,3,right_hand,0
2026-07-16T10:45:10.770,38,2,rest,3,right_hand,0
2026-07-16T10:45:11.770,38,2,rest,3,right_hand,0
2026-07-16T10:45:12.771,38,2,rest,3,right_hand,0
2026-07-16T10:45:13.772,38,2,rest,3,right_hand,0
2026-07-16T10:45:14.772,39,2,rest,3,right_hand,0
2026-07-16T10:45:15.773,39,2,rest,3,right_hand,0
2026-07-16T10:45:16.773,39,2,rest,3,right_hand,0
2026-07-16T10:45:17.774,39,2,rest,3,right_hand,0
2026-07-16T10:45:18.775,40,0,feet,3,right_hand,0
2026-07-16T10:45:19.776,40,0,feet,3,right_hand,0
2026-07-16T10:45:20.776,40,0,feet,3,right_hand,0
2026-07-16T10:45:21.777,40,0,feet,3,right_hand,0
2026-07-16T10:45:22.778,41,0,feet,3,right_hand,0
2026-07-16T10:45:23.779,41,0,feet,3,right_hand,0
2026-07-16T10:45:24.780,41,0,feet,3,right_hand,0
2026-07-16T10:45:25.780,41,0,feet,3,right_hand,0
2026-07-16T10:45:26.781,42,1,left_hand,3,right_hand,0
2026-07-16T10:45:27.782,42,1,left_hand,3,right_hand,0
2026-07-16T10:45:28.782,42,1,left_hand,3,right_hand,0
2026-07-16T10:45:29.784,42,1,left_hand,3,right_hand,0
2026-07-16T10:45:30.784,43,2,rest,3,right_hand,0
2026-07-16T10:45:31.785,43,2,rest,3,right_hand,0
2026-07-16T10:45:32.785,43,2,rest,3,right_hand,0
2026-07-16T10:45:33.786,43,2,rest,3,right_hand,0
2026-07-16T10:45:34.787,44,1,left_hand,3,right_hand,0
2026-07-16T10:45:35.787,44,1,left_hand,3,right_hand,0
2026-07-16T10:45:36.787,44,1,left_hand,3,right_hand,0
2026-07-16T10:45:37.788,44,1,left_hand,3,right_hand,0
2026-07-16T10:45:38.788,45,3,right_hand,3,right_hand,1
2026-07-16T10:45:39.789,45,3,right_hand,3,right_hand,1
2026-07-16T10:45:40.790,45,3,right_hand,3,right_hand,1
2026-07-16T10:45:41.790,45,3,right_hand,3,right_hand,1
2026-07-16T10:45:42.791,46,3,right_hand,3,right_hand,1
2026-07-16T10:45:43.791,46,3,right_hand,3,right_hand,1
2026-07-16T10:45:44.792,46,3,right_hand,3,right_hand,1
2026-07-16T10:45:45.792,46,3,right_hand,3,right_hand,1
2026-07-16T10:45:46.793,47,2,rest,3,right_hand,0
2026-07-16T10:45:47.794,47,2,rest,3,right_hand,0
2026-07-16T10:45:48.794,47,2,rest,3,right_hand,0
2026-07-16T10:45:49.795,47,2,rest,3,right_hand,0
2026-07-16T10:45:50.795,48,1,left_hand,3,right_hand,0
2026-07-16T10:45:51.796,48,1,left_hand,3,right_hand,0
2026-07-16T10:45:52.797,48,1,left_hand,3,right_hand,0
2026-07-16T10:45:53.798,48,1,left_hand,3,right_hand,0
2026-07-16T10:45:54.798,49,2,rest,3,right_hand,0
2026-07-16T10:45:55.799,49,2,rest,3,right_hand,0
2026-07-16T10:45:56.799,49,2,rest,3,right_hand,0
2026-07-16T10:45:57.800,49,2,rest,3,right_hand,0
2026-07-16T10:45:58.801,50,2,rest,3,right_hand,0
2026-07-16T10:45:59.802,50,2,rest,3,right_hand,0
2026-07-16T10:46:00.802,50,2,rest,1,left_hand,0
2026-07-16T10:46:01.802,50,2,rest,1,left_hand,0
2026-07-16T10:46:02.803,51,2,rest,1,left_hand,0
2026-07-16T10:46:03.804,51,2,rest,1,left_hand,0
2026-07-16T10:46:04.804,51,2,rest,3,right_hand,0
2026-07-16T10:46:05.805,51,2,rest,3,right_hand,0
2026-07-16T10:46:06.807,52,1,left_hand,3,right_hand,0
2026-07-16T10:46:07.807,52,1,left_hand,3,right_hand,0
2026-07-16T10:46:08.808,52,1,left_hand,3,right_hand,0
2026-07-16T10:46:09.808,52,1,left_hand,3,right_hand,0
2026-07-16T10:46:10.809,53,0,feet,3,right_hand,0
2026-07-16T10:46:11.809,53,0,feet,1,left_hand,0
2026-07-16T10:46:12.810,53,0,feet,1,left_hand,0
2026-07-16T10:46:13.811,53,0,feet,3,right_hand,0
2026-07-16T10:46:14.811,54,1,left_hand,3,right_hand,0
2026-07-16T10:46:15.812,54,1,left_hand,3,right_hand,0
2026-07-16T10:46:16.813,54,1,left_hand,3,right_hand,0
2026-07-16T10:46:17.813,54,1,left_hand,3,right_hand,0
